date,time,protocol_version,code,name,position_before,price_at_decision,market_context,signal,advice,shares_advised,actual_action,shares_actual,position_after,reason,T1_return,T3_return,T5_return,outcome,rule_tags,notes,event_id,theme_id,portfolio_role,stock_role,lifecycle_state,leadership_change,flow_evidence,attention_evidence,crowding_evidence,price_impact,next_buyer,invalidation,opportunity_action
2026-08-20,14:30,DailyExecution-pre-v1.0,603179,新泉股份,400,34.8,广泛修复,修复明显不及预期,减仓/清仓,200-400,卖出,400,0,昨日极弱且普涨修复日仍偏弱,5.55%,,,T+1强反包；短期偏弱判断受反证,R-001|R-003,候选T+1收盘36.73；相对判断价上涨5.55%；新浪收盘涨幅4.79%且总市值反推价格；前收口径与项目D0记录不一致需券商账单复核,,,,,,,,,,,,,
2026-08-20,14:30,DailyExecution-pre-v1.0,300421,力星股份,500,16.26,广泛修复,反弹力度不足,减仓,300,卖出,300,200,高Beta修复不充分,1.05%,,,T+1温和反弹；减仓方向暂未获支持,R-001|R-003,T+1收盘16.43；相对判断价上涨1.05%；继续等待T+3/T+5,,,,,,,,,,,,,
2026-08-20,14:30,DailyExecution-pre-v1.0,2150,正泰电源,300,22.25,广泛修复,高开回吐/修复失败,减仓,200,卖出,200,100,反弹承接不足,3.01%,,,T+1明显反弹；减仓方向暂未获支持,R-001|R-003,T+1候选收盘22.92；相对判断价上涨3.01%；收盘来源为新浪盘后涨幅2.78%,,,,,,,,,,,,,
2026-08-20,14:30,DailyExecution-pre-v1.0,600487,亨通光电,100,60.94,指数偏弱个股修复,相对强承接,条件加仓,100,买入,100,200,恐慌后相对强且资金承接较好,2.04%,,,T+1正收益但弱于通信板块；部分成立,R-001|R-008,T+1收盘62.18；相对判断价上涨2.04%；绝对承接保留但相对强度下降,,,,,,,,,,,,,
2026-08-20,14:30,DailyExecution-pre-v1.0,688111,金山办公,200,241.15,广泛修复,Good News + Weak Reaction,尾盘条件清仓,200,卖出,200,0,好消息对应弱价格反应；事后发现二元仓位与卖飞风险评估不足,-0.27%,,,T+1未反包；清仓方向获得初步支持,R-002|R-004|R-005,T+1收盘240.50；相对判断价下跌0.27%；仍需T+3/T+5检验是否只是短期波动,,,,,,,,,,,,,
2026-08-21,09:45,DailyExecution-v1.0,603861,白云电器,1000,,隔夜美股下跌且油金上涨；9:45实时A股行情缺失,无明确个股新增驱动且开盘反应待确认,观察/等待10:30,0,,,,低股票仓位下缺少实时量价证据不提高动作强度,,,,D0不可验证；排除统计,R-001|R-003,overnight_driver=none; expected_reaction=中性偏弱/弱; actual_reaction=missing_at_0945; surprise=none; confirm_at_1030=是否强于电网设备及指数并有量能; D0_review=excluded; exclusion_reason=intraday_data_missing,,,,,,,,,,,,,
2026-08-21,09:45,DailyExecution-v1.0,300421,力星股份,200,,隔夜美股下跌且风险偏好走弱；9:45实时A股行情缺失,高Beta承接是否持续待确认,观察/等待10:30,0,,,,开盘15分钟量价缺失且现有持仓仅200股不做二元化冲动操作,,,,D0不可验证；排除统计,R-001|R-003|R-005,overnight_driver=美股与纳指下跌; expected_reaction=偏弱/中; actual_reaction=missing_at_0945; surprise=none; confirm_at_1030=是否强于机器人板块并收回开盘缺口; D0_review=excluded; exclusion_reason=intraday_data_missing,,,,,,,,,,,,,
2026-08-21,09:45,DailyExecution-v1.0,603993,洛阳钼业,200,,隔夜油金走强且美元偏弱；铜价与9:45实时A股行情缺失,已知业绩会前的价格承接待确认,观察/等待10:30,0,,,,半年报已在前一交易日被市场交易且10点业绩会为已知事件；不把旧利好重复当作新增驱动,,,,D0不可验证；排除统计,R-002|R-003,overnight_driver=none; expected_reaction=中性偏强/中; actual_reaction=missing_at_0945; surprise=none; confirm_at_1030=业绩会期间能否保持相对强势且不出现利好兑现; D0_review=excluded; exclusion_reason=intraday_data_missing,,,,,,,,,,,,,
2026-08-21,09:45,DailyExecution-v1.0,002150,正泰电源,100,,隔夜美股下跌且油金上涨；9:45实时A股行情缺失,无明确个股新增驱动且昨日修复失败后的承接待确认,观察/等待10:30,0,,,,仅100股的二元仓位需提高阈值且缺少实时量价证据,,,,D0不可验证；排除统计,R-001|R-003|R-005,overnight_driver=none; expected_reaction=中性偏弱/弱; actual_reaction=missing_at_0945; surprise=none; confirm_at_1030=是否收复昨日高开回吐区间并有电网板块共振; D0_review=excluded; exclusion_reason=intraday_data_missing,,,,,,,,,,,,,
2026-08-21,09:45,DailyExecution-v1.0,600487,亨通光电,200,,隔夜纳指下跌且长久期科技承压；9:45实时A股行情缺失,外围偏弱与昨日相对强承接之间的冲突待验证,观察/等待10:30,0,,,,昨日新增100股在低总仓位下无需因外围单日下跌立刻反向交易,,,,D0不可验证；排除统计,R-001|R-002|R-008,overnight_driver=纳指下跌与美债收益率高位; expected_reaction=偏弱/中; actual_reaction=missing_at_0945; surprise=none; confirm_at_1030=能否守住昨日强势并保持相对通信板块的强度; D0_review=excluded; exclusion_reason=intraday_data_missing,,,,,,,,,,,,,
2026-08-21,09:45,DailyExecution-v1.0,603179,新泉股份,0,,隔夜美股下跌且风险偏好走弱；9:45实时A股行情缺失,昨日清仓后的反包与重新定价待确认,仅观察不回补,0,,,,先验证卖飞成本但禁止因焦虑追高,,,,D0不可验证；排除统计,R-002|R-006,overnight_driver=美股与小盘股下跌; expected_reaction=偏弱/中; actual_reaction=missing_at_0945; surprise=none; confirm_at_1030=是否放量站稳昨日收盘35.66并强于汽车零部件; D0_review=excluded; exclusion_reason=intraday_data_missing,,,,,,,,,,,,,
2026-08-21,09:45,DailyExecution-v1.0,688111,金山办公,0,,隔夜纳指下跌且长久期科技承压；9:45实时A股行情缺失,昨日Good News + Weak Reaction清仓后的T+1重估待确认,仅观察不回补,0,,,,外围利空下若仍强才构成高信息量正向Surprise；禁止情绪追高,,,,D0不可验证；排除统计,R-002|R-004|R-005|R-006,overnight_driver=纳指下跌与美债收益率高位; expected_reaction=偏弱/中; actual_reaction=missing_at_0945; surprise=none; confirm_at_1030=是否站稳昨日收盘241.64且强于软件板块; D0_review=excluded; exclusion_reason=intraday_data_missing,,,,,,,,,,,,,
2026-08-21,10:30,DailyExecution-v1.0,603861,白云电器,1000,,10:30实时指数板块及个股量价缺失,09:45观察条件无法验证,继续观察至14:30,0,,,,缺少相对电网设备和指数的实时强弱证据；不提高操作强度,,,,D0不可验证；排除统计,R-001|R-003,0945_confirmation=missing; 0945_reference=2026-08-21/603861/09:45; confirmation_evidence=10:30实时指数板块及个股量价缺失; D0_review=excluded; exclusion_reason=intraday_data_missing,,,,,,,,,,,,,
2026-08-21,10:30,DailyExecution-v1.0,300421,力星股份,200,,10:30实时指数板块及个股量价缺失,09:45高Beta偏弱预期无法验证,继续观察至14:30,0,,,,现有200股为二元仓位且缺少机器人板块相对强弱证据,,,,D0不可验证；排除统计,R-001|R-003|R-005,0945_confirmation=missing; 0945_reference=2026-08-21/300421/09:45; confirmation_evidence=10:30实时个股和机器人板块量价缺失; D0_review=excluded; exclusion_reason=intraday_data_missing,,,,,,,,,,,,,
2026-08-21,10:30,DailyExecution-v1.0,603993,洛阳钼业,200,,10:30实时指数资源板块及个股量价缺失,业绩会期间承接与利好兑现无法验证,继续观察至14:30,0,,,,会议正在进行但不能用事件叙事代替实时价格确认,,,,D0不可验证；排除统计,R-001|R-002|R-003,0945_confirmation=missing; 0945_reference=2026-08-21/603993/09:45; confirmation_evidence=10:30实时个股和资源板块量价缺失; D0_review=excluded; exclusion_reason=intraday_data_missing,,,,,,,,,,,,,
2026-08-21,10:30,DailyExecution-v1.0,002150,正泰电源,100,,10:30实时指数板块及个股量价缺失,昨日修复失败后的承接无法验证,继续观察至14:30,0,,,,仅100股的二元仓位需提高阈值且无电网板块共振证据,,,,D0不可验证；排除统计,R-001|R-003|R-005,0945_confirmation=missing; 0945_reference=2026-08-21/002150/09:45; confirmation_evidence=10:30实时个股和电网设备板块量价缺失; D0_review=excluded; exclusion_reason=intraday_data_missing,,,,,,,,,,,,,
2026-08-21,10:30,DailyExecution-v1.0,600487,亨通光电,200,,10:30实时指数通信板块及个股量价缺失,外围科技偏弱与昨日相对强承接的冲突无法验证,继续观察至14:30,0,,,,低总股票仓位下不因无法确认而机械撤回昨日新增仓位,,,,D0不可验证；排除统计,R-001|R-002|R-008,0945_confirmation=missing; 0945_reference=2026-08-21/600487/09:45; confirmation_evidence=10:30实时个股和通信板块量价缺失; D0_review=excluded; exclusion_reason=intraday_data_missing,,,,,,,,,,,,,
2026-08-21,10:30,DailyExecution-v1.0,603179,新泉股份,0,,10:30实时汽车零部件及个股量价缺失,昨日清仓后的反包和重新定价无法验证,保持空仓不回补,0,,,,没有新的趋势确认条件；执行卖飞后禁止情绪追高规则,,,,D0不可验证；排除统计,R-001|R-002|R-006,0945_confirmation=missing; 0945_reference=2026-08-21/603179/09:45; confirmation_evidence=10:30实时个股和汽车零部件板块量价缺失; D0_review=excluded; exclusion_reason=intraday_data_missing,,,,,,,,,,,,,
2026-08-21,10:30,DailyExecution-v1.0,688111,金山办公,0,,10:30实时软件板块及个股量价缺失,T+1重估和反包条件无法验证,保持空仓不回补,0,,,,无法确认Bad News + Strong Response；不支付无证据的追高成本,,,,D0不可验证；排除统计,R-001|R-002|R-004|R-005|R-006,0945_confirmation=missing; 0945_reference=2026-08-21/688111/09:45; confirmation_evidence=10:30实时个股和软件板块量价缺失; D0_review=excluded; exclusion_reason=intraday_data_missing,,,,,,,,,,,,,
2026-08-21,14:30,DailyExecution-v1.1,603861,白云电器,1000,11.95,上证+0.17%；深成+1.01%；创业板+1.61%；14:30网页量价恢复,上涨但弱于电网设备代理篮子,持有,0,,,,当前约5.20%仓位处于目标区间；近当日高点但相对强度一般；不在尾盘追涨或减仓,-0.75%,,,D0持有合理；尾盘继续走强；T+1收盘回落但仍高于11.66失效位,R-001|R-007|R-008,data_quality=A; sector_proxy_quality=C; quote_time=14:34:23; retrieved_at=14:35; close=12.12; close_quality=C; decision_to_close=+1.42%; tomorrow_exit=跌破11.66且板块继续强则减100至200股; T1_close=11.86; T1_source=portfolio_15:09_broker_snapshot,,,,,,,,,,,,,
2026-08-21,14:30,DailyExecution-v1.1,300421,力星股份,200,16.48,上证+0.17%；深成+1.01%；创业板+1.61%；14:30网页量价恢复,明显强于机械代理篮子且接近日高,持有,0,,,,当前约1.43%为小观察仓；相对强度改善但200股不宜因单日修复追加强度,-1.40%,,,D0持有合理；尾盘小幅回落；T+1回落但仍高于15.92失效位,R-001|R-003|R-005|R-007|R-008,data_quality=A; sector_proxy_quality=C; quote_time=14:35:28; retrieved_at=14:35; close=16.43; close_quality=B; decision_to_close=-0.30%; tomorrow_exit=跌回15.92下方且板块不弱则减100股; T1_close=16.25; T1_source=portfolio_15:09_broker_snapshot,,,,,,,,,,,,,
2026-08-21,14:30,DailyExecution-v1.1,603993,洛阳钼业,200,18.65,上证+0.17%；深成+1.01%；创业板+1.61%；业绩说明会后量价可用,业绩会后保持正收益并接近日高但略弱于紫金矿业,持有,0,,,,当前约1.62%处于目标区间；事件兑现后仍有承接；不因已知利好重复加仓,-2.04%,,,D0持有合理；事件后承接延续；T+1跌破18.62使容量承接判断转弱,R-001|R-002|R-007|R-008,data_quality=A; sector_proxy_quality=C; quote_time=14:33:58; retrieved_at=14:36; close=18.62; close_quality=B; decision_to_close=-0.16%; tomorrow_exit=低开并跌破18.19且资源方向不弱则减100股; T1_close=18.27; T1_source=portfolio_15:09_broker_snapshot,,,,,,,,,,,,,
2026-08-21,14:30,DailyExecution-v1.1,002150,正泰电源,100,23.05,上证+0.17%；深成+1.01%；创业板+1.61%；14:30网页量价恢复,明显强于光储代理篮子并接近日高,持有,0,,,,当前约1.00%且仅100股为二元仓位；强反应不足以越过R-005阈值追涨或清仓,-3.25%,,,D0持有合理；尾盘略有回落；T+1弱于判断价但收盘仍在21.95上方,R-001|R-002|R-005|R-007|R-008,data_quality=A; sector_proxy_quality=C; quote_time=14:35:24; retrieved_at=14:35; close=22.92; close_quality=C; decision_to_close=-0.56%; tomorrow_exit=跌破21.95且板块不弱时再评估清仓; T1_close=22.30; T1_source=portfolio_15:09_broker_snapshot,,,,,,,,,,,,,
2026-08-21,14:30,DailyExecution-v1.1,600487,亨通光电,200,62.53,上证+0.17%；深成+1.01%；创业板+1.61%；通信代理篮子普涨,绝对修复转正但明显落后通信代理篮子,持有；明日条件减仓,0,,,,当前约5.44%仍在目标区间且盘中自59.48显著修复；低总仓位下不因单日相对落后尾盘反向清仓,-0.82%,,,D0中性；未尾盘杀跌合理但相对通信仍弱；T+1收盘重新回到60.89上方,R-001|R-002|R-004|R-007|R-008,data_quality=A; sector_proxy_quality=C; quote_time=14:32:52; retrieved_at=14:35; close=62.18; close_quality=B; decision_to_close=-0.56%; tomorrow_exit=跌破60.89且通信代理篮子仍强则减100股; opposite=突破63.30则继续持有; T1_close=62.02; T1_source=portfolio_15:09_broker_snapshot,,,,,,,,,,,,,
2026-08-21,14:30,DailyExecution-v1.1,603179,新泉股份,0,35.79,上证+0.17%；深成+1.01%；创业板+1.61%；14:30网页量价恢复,清仓后T+1反包且强于汽车零部件代理篮子,保持空仓；明日条件观察回补,0,,,,卖飞成本开始显现但价格已接近日高；执行R-006不在尾盘因后悔追高,6.40%,,,D0强反包；不追高执行合理；T+1继续强势使等待板块共振产生明显机会成本,R-001|R-004|R-006|R-007,data_quality=A; sector_proxy_quality=C; quote_time=14:34:14; retrieved_at=14:35; candidate_close=36.73; close_quality=C; decision_to_close=+2.63%; close_prev_reference_conflict=true; reentry=下一交易日放量站稳37.87并获板块共振后再评估100股; invalidation=跌回35.20下方; T1_close=38.08; T1_source=portfolio_15:09_broker_snapshot,,,,,,,,,,,,,
2026-08-21,14:30,DailyExecution-v1.1,688111,金山办公,0,240.20,上证+0.17%；深成+1.01%；创业板+1.61%；14:30网页量价恢复,T+1未反包且明显弱于成长指数和科技代理篮子,保持空仓不回补,0,,,,价格仍低于昨日收盘241.64且弱于成长环境；当前不支付趋势确认保险费,,,,D0未反包；保持空仓合理,R-001|R-002|R-004|R-005|R-006|R-007,data_quality=A; quote_time=14:27:52; quote_lag=约8分钟; retrieved_at=14:36; close=240.50; close_quality=B; decision_to_close=+0.12%; reentry=站稳243.14并相对软件方向转强后再评估100股,,,,,,,,,,,,,
2026-08-24,09:57,DailyExecution-v1.4,603861,白云电器,1000,11.95,上证-0.38%；深成-1.40%；创业板-2.22%；成长风险快速收缩,低开后修复并明显强于指数,持有,0,,,,相对抗跌但无新增事件和板块共振；不因15分钟强弱加仓,,,,,R-001|R-008,overnight_driver=none; expected_reaction=中性; actual_reaction=11.95/-0.08%，低开后修复; surprise=positive; confirm_at_1030=守住11.88且电网设备不转弱; scheduled_node=09:45; actual_quote_time=09:56:57; execution_mode=manual_delayed,,,holding,unclassified,cold,maintain,双源当日量价一致；价格相对指数抗跌,低,unknown,低开后修复,电网设备轮动资金,跌破11.66且同类设备股不弱,hold
2026-08-24,09:57,DailyExecution-v1.4,300421,力星股份,200,16.27,上证-0.38%；深成-1.40%；创业板-2.22%；成长风险快速收缩,平开后回落但仍强于创业板,持有,0,,,,无新增事件；相对抗跌不足以提升普通跟随角色,,,,,R-001|R-008,overnight_driver=none; expected_reaction=中性偏弱; actual_reaction=16.27/-0.97%; surprise=none; confirm_at_1030=守住16.25且机器人核心不继续退潮; scheduled_node=09:45; actual_quote_time=09:56:54; execution_mode=manual_delayed,,,holding,follower,cold,maintain,双源当日量价一致；平开后回落,低,low,开盘回落,机器人轮动资金,跌破15.92且机器人核心保持强势,hold
2026-08-24,09:57,DailyExecution-v1.4,603993,洛阳钼业,200,19.11,指数转弱；资源容量与高弹性多数逆势,高开被接受并强于资源容量核心,持有；10:30确认后再评估加仓,0-100,,,,资源事件因果与容量反应成立；当前仓位约1.66%，不在09:45节点追高,,,,,R-001|R-002|R-008|R-011,overnight_driver=EVT-20260824-02; expected_reaction=资源容量中性偏强; actual_reaction=19.11/+2.63%，接近日高; surprise=positive; confirm_at_1030=守住19.00且紫金矿业维持正收益; scheduled_node=09:45; actual_quote_time=09:56:55; execution_mode=manual_delayed,EVT-20260824-02,THM-贵金属铜钨,holding,capacity_core,reacceleration,maintain,双源量价一致；明显强于紫金矿业和大盘,高,medium,正向价格冲击,商品趋势与容量轮动资金,跌破18.62且紫金矿业与赤峰黄金仍强,hold
2026-08-24,09:57,DailyExecution-v1.4,002150,正泰电源,100,22.53,上证-0.38%；深成-1.40%；创业板-2.22%,盘中冲高后回落接近日低,持有,0,,,,100股二元仓位提高阈值；单层价格回落不足以清仓,,,,,R-001|R-005|R-008,overnight_driver=none; expected_reaction=中性; actual_reaction=22.53/-1.62%，高点23.40后回落; surprise=negative; confirm_at_1030=守住22.51且光储核心不显著更强; scheduled_node=09:45; actual_quote_time=09:56:57; execution_mode=manual_delayed,,THM-光储,holding,follower,divergence,maintain,双源当日量价一致；盘中冲高兑现,一般,medium,高位回落,光储轮动资金,跌破21.95且光储核心不弱,hold
2026-08-24,09:57,DailyExecution-v1.4,600487,亨通光电,200,59.95,通信核心与扩散同步回落；题材由再加速转分歧,平开后跌破60.89且接近日低；地位下降,10:30确认后减仓,100,,,,事件映射仍在但价格反应与相对地位下降；09:45节点不直接外推全天,,,,,R-001|R-002|R-004|R-008|R-011,overnight_driver=EVT-20260824-01; expected_reaction=政策与AI资本开支下中性偏强; actual_reaction=59.95/-3.59%，跌破60.89; surprise=negative; confirm_at_1030=仍低于60.89且中天科技相对更强则减100股; scheduled_node=09:45; actual_quote_time=09:56:56; execution_mode=manual_delayed,EVT-20260824-01,THM-新一代通信网,holding,direct_core,divergence,downgrade,双源量价一致；平开后持续下压,高,medium,负向价格冲击,10:30主线回流资金,10:30仍低于60.89且中天科技相对更强,conditional_reduce
2026-08-24,09:57,DailyExecution-v1.4,603179,新泉股份,0,37.04,成长风险下降；汽车零部件未确认主线,最高37.98短暂越过门槛后回落,不回补,0,,,,重新定价门槛未被持续接受；禁止卖飞焦虑追买,,,,,R-004|R-006|R-011,overnight_driver=none; expected_reaction=需站稳37.87; actual_reaction=37.04/+0.84%，最高37.98但未站稳; surprise=none; confirm_at_1030=放量站稳37.87且板块广度确认; scheduled_node=09:45; actual_quote_time=09:56:57; execution_mode=manual_delayed,,THM-汽车零部件,recent_exit,follower,cold,maintain,双源当日量价一致；门槛被触及但未被接受,中,medium,冲高回落,板块扩散资金,不能站稳37.87或板块无广度,reject_rebuy
2026-08-24,09:57,DailyExecution-v1.4,688111,金山办公,0,236.63,创业板-2.22%；AI基础设施事件强于应用端,未收复243.14且仍弱于理论重估,不回补,0,,,,退出逻辑尚未证伪；100股最小单位仍造成较大二元仓位,,,,,R-001|R-005|R-006|R-011,overnight_driver=none; expected_reaction=需出现独立应用端强反应; actual_reaction=236.63/-1.61%; surprise=negative; confirm_at_1030=收复243.14并持续强于软件板块; scheduled_node=09:45; actual_quote_time=09:56:57; execution_mode=manual_delayed,,THM-AI应用,recent_exit,direct_core,divergence,maintain,双源当日量价一致；未通过重新定价门槛,中,medium,弱价格反应,应用端重估资金,不能收复243.14,reject_rebuy
2026-08-24,09:57,DailyExecution-v1.4,300308,中际旭创,0,890.75,成长指数快速转弱；通信核心与扩散同步回落,业绩高增与分红后冲高回落并跌破前收,当日候选淘汰；不买入,0,,,,高质量事件未通过开盘承接与Price Reaction Surprise门槛,,,,,R-002|R-011|R-012|R-015,overnight_driver=EVT-20260824-01; expected_reaction=好消息下保持强势并带动通信扩散; actual_reaction=890.75/-5.54%，高949.73后接近日低; surprise=negative; confirm_at_1030=收复943且扩散核心至少两只修复; scheduled_node=09:45; actual_quote_time=09:56:54; execution_mode=manual_delayed,EVT-20260824-01,THM-新一代通信网,nonholding,theme_leader,divergence,downgrade,双源当日量价一致；Good News + Weak Response,极高,high,显著负向冲击,10:30主线回流资金,10:30仍低于943且板块扩散弱,reject
2026-08-24,09:57,DailyExecution-v1.4,300502,新易盛,0,417.59,成长指数快速转弱；通信核心与扩散同步回落,高开冲高后跌破前收并接近日低,当日候选淘汰；不买入,0,,,,高开未被接受且题材广度同步转弱,,,,,R-001|R-002|R-011|R-012|R-015,overnight_driver=EVT-20260824-01; expected_reaction=主线延续并保持双龙头层级; actual_reaction=417.59/-5.52%，高450后接近日低; surprise=negative; confirm_at_1030=收复442且至少两只扩散核心修复; scheduled_node=09:45; actual_quote_time=09:56:54; execution_mode=manual_delayed,EVT-20260824-01,THM-新一代通信网,nonholding,theme_leader,divergence,downgrade,双源当日量价一致；负向Price Reaction Surprise,极高,high,显著负向冲击,10:30主线回流资金,10:30仍低于442且扩散弱,reject
2026-08-24,09:57,DailyExecution-v1.4,601899,紫金矿业,0,34.92,指数转弱；资源板块逆势但高弹性端拥挤,高开回落后仍维持正收益,保留候选；暂不买入,0,,,,资源容量确认有效，但已有洛阳钼业敞口且后者更强；现金优于重复加仓,,,,,R-001|R-008|R-011|R-015,overnight_driver=EVT-20260824-02; expected_reaction=容量核心确认资源扩散; actual_reaction=34.92/+0.52%; surprise=positive; confirm_at_1030=守住34.74且洛阳钼业保持强势; scheduled_node=09:45; actual_quote_time=09:56:57; execution_mode=manual_delayed,EVT-20260824-02,THM-贵金属铜钨,nonholding,capacity_core,reacceleration,maintain,双源当日量价一致；风险偏好下降中保持正收益,高,medium,正向相对反应,商品趋势与容量配置资金,跌破34.44且资源容量同步转弱,watch
2026-08-24,09:57,DailyExecution-v1.4,000657,中钨高新,0,66.97,资源题材整体偏强但内部分化,业绩关注下跌破68.14且弱于容量核心,当日候选淘汰；不买入,0,,,,好消息未获得预期价格反应；资源主线有效不等于该股有效,,,,,R-002|R-011|R-012|R-015,overnight_driver=EVT-20260824-02; expected_reaction=业绩后守住68.14并不弱于容量核心; actual_reaction=66.97/-1.72%; surprise=negative; confirm_at_1030=收复68.14且相对强度修复; scheduled_node=09:45; actual_quote_time=09:56:57; execution_mode=manual_delayed,EVT-20260824-02,THM-贵金属铜钨,nonholding,direct_core,reacceleration,downgrade,双源当日量价一致；Good News + Weak Response,高,medium_high,负向相对反应,业绩重估资金,继续低于68.14且弱于容量核心,reject
2026-08-24,09:57,DailyExecution-v1.4,002716,湖南白银,0,11.19,资源主线逆势；白银高弹性连续加速,连续大涨并维持+7.39%但拥挤度高,观察；不追高,0,,,,题材龙头有效但处于拥挤阶段；四道门槛中的生命周期门槛不支持追涨,,,,,R-008|R-011|R-012|R-015,overnight_driver=EVT-20260824-02; expected_reaction=高弹性强但容量核心需确认; actual_reaction=11.19/+7.39%; surprise=confirmed; confirm_at_1030=不跌破10.80且洛钼紫金保持强势; scheduled_node=09:45; actual_quote_time=09:56:57; execution_mode=manual_delayed,EVT-20260824-02,THM-贵金属铜钨,nonholding,theme_leader,crowding,maintain,双源当日量价一致；强反应伴随高拥挤,极高,high,正向但边际拥挤,高弹性趋势资金,跌破10.80且容量核心同步走弱,watch_no_chase
2026-08-24,09:57,DailyExecution-v1.4,300483,首华燃气,0,22.93,油气代理篮子分化；中国石化单票逆势,业绩后冲高23.88再回到平盘,当日候选淘汰；不买入,0,,,,公司级事件未通过承接和板块扩散两道门槛,,,,,R-002|R-011|R-012|R-015,overnight_driver=EVT-20260824-03; expected_reaction=业绩强反应并带动油气扩散; actual_reaction=22.93/-0.04%，高23.88后回落; surprise=negative; confirm_at_1030=站上23.40且中国石油或中国海油翻红; scheduled_node=09:45; actual_quote_time=09:56:54; execution_mode=manual_delayed,EVT-20260824-03,THM-油气,nonholding,direct_core,divergence,downgrade,双源当日量价一致；Good News Faded,高,medium,冲高回落,板块回流资金,继续弱于中国石化且板块无共振,reject
2026-08-24,09:57,DailyExecution-v1.4,600028,中国石化,0,5.29,油气代理篮子分化；仅中国石化容量股逆势,开盘后上行至+3.73%并接近日高,调整为watch；暂不买入,0,,,,价格反应门槛通过，但中国石油中国海油中曼首华未同步，扩散门槛不通过,,,,,R-001|R-002|R-011|R-012|R-015,overnight_driver=EVT-20260824-03; expected_reaction=容量股与油气板块共振; actual_reaction=5.29/+3.73%，接近日高; surprise=positive; confirm_at_1030=守住5.25且中国石油或中国海油至少一只翻红; scheduled_node=09:45; actual_quote_time=09:56:56; execution_mode=manual_delayed,EVT-20260824-03,THM-油气,nonholding,capacity_core,divergence,upgrade,双源当日量价一致；单一容量核心正向Surprise,中,low_medium,正向单票冲击,板块扩散资金,跌破5.10或继续仅单票强,watch
"2026-08-24","14:56","DailyExecution-v1.5","603861","白云电器","1000","11.93","上证-0.63%；深成-2.12%；创业板-3.15%；下跌3771家","全天相对抗跌但无主线与题材共振","持有","0","","","","未触发11.66失效位；低风险偏好中相对抗跌，但无新增因果，不加仓","","","","","R-001|R-008|R-011","scheduled_node=14:30; execution_mode=manual_rerun; quote_time=14:53:57; data_quality=A/B; tomorrow_path=守住11.77则继续持有，跌破11.66且设备同类不弱再减仓","","","holding","unclassified","cold","maintain","双源量价一致；低开后震荡修复","低","unknown","relative_resilience","电网设备轮动资金","跌破11.66且同类设备股不弱","hold"
"2026-08-24","14:56","DailyExecution-v1.5","300421","力星股份","200","16.19","成长指数显著回落；创业板-3.15%","跌至15.92后收回，仍弱但相对创业板抗跌","持有","0","","","","200股小观察仓且未有效跌破失效位；无新增事件，不提高仓位","","","","","R-001|R-005|R-008|R-011","scheduled_node=14:30; execution_mode=manual_rerun; quote_time=14:53:54; data_quality=A/B; tomorrow_path=守住15.92维持观察，失守且机器人核心明显更强再减100股","","","holding","follower","cold","maintain","双源量价一致；盘中触及阈值后收回","低","low","weak_but_relative_resilience","机器人轮动资金","跌破15.92且机器人核心保持强势","hold"
"2026-08-24","14:56","DailyExecution-v1.5","603993","洛阳钼业","200","18.98","资源是逆势主线但容量与高弹性分化","保持+1.93%并强于紫金矿业，但自19.35高点回落","持有；不加仓","0","","","","资源容量核心地位保持；紫金转负且市场风险偏好弱，早盘加仓条件未完整确认","","","","","R-001|R-002|R-008|R-011|R-014","scheduled_node=14:30; execution_mode=manual_rerun; quote_time=14:53:55; data_quality=A/B; tomorrow_path=守住18.72至18.62维持，跌破18.62且资源核心仍强再减100股","EVT-20260824-02","THM-贵金属铜钨","holding","capacity_core","divergence","maintain","双源量价一致；逆势为正但尾盘边际回落","高","medium_high","positive_but_fading","商品趋势与容量轮动资金","跌破18.62且紫金矿业与赤峰黄金仍强","hold_no_add"
"2026-08-24","14:56","DailyExecution-v1.5","002150","正泰电源","100","21.92","深成-2.12%；创业板-3.15%；风险偏好弱","跌破21.95后仅小幅收回，普通跟随地位未改善","持有；次日条件清仓","0","","","","100股二元仓位约0.95%，当前仅价格与跟随地位偏弱，尚不足以在尾盘机械清仓","","","","","R-001|R-004|R-005|R-008|R-009","scheduled_node=14:30; execution_mode=manual_rerun; quote_time=14:53:57; data_quality=A/B; counterfactual=今日清仓可降低弱票暴露但承担明日反包成本；低总仓位下保留100股观察成本可控","","THM-光储","holding","follower","divergence","downgrade","双源量价一致；冲高23.40后回落接近日低","一般","medium","negative_reversal","次日修复与光储轮动资金","次日不能收复21.95且光储核心不弱时清仓100股","hold_binary"
"2026-08-24","14:56","DailyExecution-v1.5","600487","亨通光电","200","60.45","通信题材核心与扩散同步大跌；中际-7.42%、新易盛-6.79%","仍低于60.89且中天科技相对略强；题材由分歧转退潮","减仓","100","2026-08-25 09:32卖出200股@57.495并清仓","200","0","09:45条件得到全天确认；保留100股应对低点反抽与政策映射上行尾部，同时降低约2.63个百分点组合暴露","","","","","R-001|R-002|R-004|R-008|R-011|R-015","scheduled_node=14:30; execution_mode=manual_rerun; quote_time=14:53:56; data_quality=A/B; counterfactual=不操作保留反包收益但承担题材继续退潮；清仓会放大卖飞风险；只减100股更对称; user_confirmed_trade=2026-08-25_09:32_sell_200_weighted_57.495; gross_amount=11499; execution_relation=following_prior_tail_advice; deviation=advised_sell100_actual_sell200; post_trade_user_report=stock_rose_well_intraday_and_regret; exact_post_sale_quote=missing; process_lesson=prior_day_advice_expired_and_actual_size_exceeded_advice","EVT-20260824-01","THM-新一代通信网","holding","direct_core","retreat","downgrade","双源量价一致；从59.30反抽但仍低于失效位且弱于中天科技","高","medium_high","negative_surprise_confirmed","政策映射与分歧后回流资金","重新站稳60.89并出现核心同步修复","reduce_100"
"2026-08-24","14:56","DailyExecution-v1.5","603179","新泉股份","0","38.24","指数普跌而个股+4.11%接近日高","站上37.87形成强反包，但缺少汽车零部件板块广度证据","保持空仓；不追高","0","买入100股@38.230；2026-08-25 14:50卖出100股@37.490并清仓","100","100","重新定价价格门槛通过但题材扩散门槛未确认；执行卖飞后不情绪追买","-1.94%","","","实际回补T+1清仓小亏；正式收盘反事实待补","R-001|R-004|R-006|R-011","scheduled_node=14:30; execution_mode=manual_rerun; quote_time=14:53:57; data_quality=A/B; reentry=下一交易日回踩37.87不破且板块广度确认后再评估100股; actual_execution_cost=38.230; actual_reported_market_price=38.080; actual_reported_market_value=3808.000; actual_reported_weight=2.81%; actual_vs_advice=contrary; confirmation_source=user_brokerage_position; confirmed_at=15:09; T1_actual_exit=2026-08-25_14:50_sell_100_at_37.490; T1_realized_gross_pnl=-74.00; T1_realized_gross_return=-1.94%; T1_close_missing=true","","THM-汽车零部件","recent_exit","follower","cold","upgrade","双源量价一致；逆势反包接近日高","中","medium","positive_repricing_without_breadth","次日确认与板块扩散资金","跌回37.20或板块无广度","watch_no_chase"
"2026-08-24","14:56","DailyExecution-v1.5","688111","金山办公","0","233.30","创业板-3.15%；AI应用端无独立主线","继续低于243.14并接近日内低位","保持空仓；不回补","0","","","","Good News + Weak Reaction继续确认，重新定价条件未通过","","","","","R-001|R-002|R-005|R-006|R-011","scheduled_node=14:30; execution_mode=manual_rerun; quote_time=14:53:57; data_quality=A/B; reentry=收复243.14并持续强于软件方向后再评估100股","","THM-AI应用","recent_exit","direct_core","divergence","downgrade","双源量价一致；弱于理论重估预期","中","medium","negative_confirmed","应用端独立催化与重估资金","不能收复243.14","reject_rebuy"
"2026-08-24","14:56","DailyExecution-v1.5","300308","中际旭创","0","873.05","通信核心与扩散同步退潮","业绩利好后-7.42%，仍远低于943前收","当日候选维持淘汰；不买入","0","","","","高质量事件对应弱反应延续，资金/反应门槛失败","","","","","R-002|R-011|R-012|R-015","scheduled_node=14:30; execution_mode=manual_rerun; quote_time=14:53:54; data_quality=A/B","EVT-20260824-01","THM-新一代通信网","nonholding","theme_leader","retreat","lost","双源量价一致；高成交下显著负向价格冲击","极高","high","good_news_weak_response_confirmed","后续分歧回流核心资金","收复943且通信容量与扩散同步修复","reject"
"2026-08-24","14:56","DailyExecution-v1.5","300502","新易盛","0","412.01","通信核心与扩散同步退潮","高开后-6.79%，未收复442且与中际同步弱","当日候选维持淘汰；不买入","0","","","","高开接受与扩散门槛全天未通过","","","","","R-001|R-002|R-011|R-012|R-015","scheduled_node=14:30; execution_mode=manual_rerun; quote_time=14:53:54; data_quality=A/B","EVT-20260824-01","THM-新一代通信网","nonholding","theme_leader","retreat","lost","双源量价一致；高开兑现后弱势延续","极高","high","negative_surprise_confirmed","后续主线回流资金","收复442且至少两只扩散核心同步修复","reject"
"2026-08-24","14:56","DailyExecution-v1.5","601899","紫金矿业","0","34.55","资源为逆势主线但容量内部转分化","由早盘正收益转为-0.55%，弱于洛阳钼业","保留观察；不买入","0","","","","已有洛阳钼业敞口且紫金尾盘相对走弱；组合与资金反应门槛不支持重复开仓","","","","","R-001|R-008|R-011|R-014|R-015","scheduled_node=14:30; execution_mode=manual_rerun; quote_time=14:53:57; data_quality=A/B","EVT-20260824-02","THM-贵金属铜钨","nonholding","capacity_core","divergence","downgrade","双源量价一致；高开回落转负","高","medium_high","capacity_fade","资源容量再确认资金","跌破34.16且洛阳钼业同步转弱","watch_no_buy"
"2026-08-24","14:56","DailyExecution-v1.5","002716","湖南白银","0","11.46","白银与贵金属领涨，但市场整体普跌","涨停且成交拥挤，容量核心未同步强化","观察；不追高","0","","","","题材龙头有效但生命周期处于拥挤，新增买方与潜在兑现盘不对称","","","","","R-008|R-011|R-012|R-015","scheduled_node=14:30; execution_mode=manual_rerun; quote_time=14:53:57; data_quality=A/B","EVT-20260824-02","THM-贵金属铜钨","nonholding","theme_leader","crowding","maintain","双源量价一致；涨停但资源容量分化","极高","high","limit_up_crowding","次日分歧后回流核心资金","跌破10.80且容量核心同步走弱","watch_no_chase"
"2026-08-24","14:56","DailyExecution-v1.5","600028","中国石化","0","5.33","油气仅中国石化强，中国石油-0.36%、中国海油-0.65%","+4.51%接近日高但板块扩散仍不足","维持观察；不买入","0","","","","价格门槛通过但生命周期与扩散门槛未通过；不为补仓位强行开仓","","","","","R-001|R-002|R-008|R-011|R-015","scheduled_node=14:30; execution_mode=manual_rerun; quote_time=14:53:56; data_quality=A/B","EVT-20260824-03","THM-油气","nonholding","capacity_core","divergence","maintain","双源量价一致；单一容量核心正向冲击","中","medium","single_core_strength_no_diffusion","三桶油与油服燃气扩散资金","跌破5.10或继续只有单票强","watch_no_buy"
"2026-08-25","09:51","DailyExecution-v1.5","603861","白云电器","1000","","09:00本地基线无隔夜增量；09:45指数、板块及个股实时量价在项目内缺失","09:45量价缺失，无法验证相对电网设备与指数的异常","观察/等待10:30；暂不操作","0","","","","本地边界禁止联网补取；缺少开盘承接、相对强弱和板块广度证据，不提高操作强度","","","","excluded_data_missing","R-001|R-008|R-011|DATA-UNAVAILABLE","overnight_driver=none; expected_reaction=守住11.66并强于电网设备与指数; actual_reaction=missing_at_0945; surprise=none; confirm_at_1030=取得有效量价后验证11.66与相对强弱; scheduled_node=09:45; data_quality=D; exclusion_reason=local_intraday_data_unavailable","","","holding","unclassified","cold","unknown","09:45量价缺失，承接与扩散不可验证","unknown","unknown","missing","电网设备轮动资金","跌破11.66且同类设备股不弱","hold_missing"
"2026-08-25","09:51","DailyExecution-v1.5","300421","力星股份","200","","09:00本地基线无隔夜增量；09:45指数、板块及个股实时量价在项目内缺失","09:45量价缺失，机器人链相对地位不可验证","观察/等待10:30；暂不操作","0","","","","200股观察仓且缺少开盘量价与板块比较，不把旧收盘状态外推为当日异常","","","","excluded_data_missing","R-001|R-005|R-008|R-011|DATA-UNAVAILABLE","overnight_driver=none; expected_reaction=守住15.92且不弱于机器人核心; actual_reaction=missing_at_0945; surprise=none; confirm_at_1030=取得有效量价后验证15.92与机器人相对强弱; scheduled_node=09:45; data_quality=D; exclusion_reason=local_intraday_data_unavailable","","","holding","follower","cold","unknown","09:45量价缺失，承接与相对表现不可验证","unknown","low","missing","机器人链轮动资金","跌破15.92且机器人核心保持强势","hold_missing"
"2026-08-25","09:51","DailyExecution-v1.5","603993","洛阳钼业","200","","09:00资源维持分歧且无隔夜增量；09:45指数、资源板块及个股实时量价在项目内缺失","09:45量价缺失，容量核心能否收回18.62不可验证","观察/等待10:30；不加仓","0","","","","旧资源事件不能替代当日容量共振；持仓200股，缺少资金反应门槛证据","","","","excluded_data_missing","R-001|R-002|R-008|R-011|R-014|DATA-UNAVAILABLE","overnight_driver=none; expected_reaction=收回18.62并与紫金矿业和赤峰黄金共振; actual_reaction=missing_at_0945; surprise=none; confirm_at_1030=验证18.62与资源容量广度; scheduled_node=09:45; data_quality=D; exclusion_reason=local_intraday_data_unavailable","EVT-20260824-02","THM-贵金属铜钨","holding","capacity_core","divergence","unknown","09:45容量承接与板块共振不可验证","unknown","high","missing","资源容量重新共振资金","不能收回18.62且紫金矿业与赤峰黄金更强","hold_no_add_missing"
"2026-08-25","09:51","DailyExecution-v1.5","002150","正泰电源","100","","09:00本地基线无隔夜增量；09:45指数、光储板块及个股实时量价在项目内缺失","09:45量价缺失，21.95与光储相对表现不可验证","观察/等待10:30；暂不操作","0","","","","100股二元仓位需提高阈值；在量价缺失时不把条件退出机械执行为清仓","","","","excluded_data_missing","R-001|R-004|R-005|R-008|DATA-UNAVAILABLE","overnight_driver=none; expected_reaction=守住21.95且光储核心不显著更强; actual_reaction=missing_at_0945; surprise=none; confirm_at_1030=验证21.95与光储核心相对强弱; scheduled_node=09:45; data_quality=D; exclusion_reason=local_intraday_data_unavailable","","THM-光储","holding","follower","divergence","unknown","09:45承接与题材相对强弱不可验证","unknown","medium","missing","光储轮动与修复资金","跌破21.95且光储核心不弱","hold_binary_missing"
"2026-08-25","09:51","DailyExecution-v1.5","600487","亨通光电","200","","09:00通信维持退潮且无隔夜增量；09:45通信核心、扩散股及持仓实时量价在项目内缺失","09:45量价缺失，单票反抽能否升级为题材回流不可验证","观察/等待10:30；不加仓","0","","","","昨日减仓建议尚未确认成交，当前事实持仓仍为200股；缺少双龙头与扩散同步证据，不新增操作","","","","excluded_data_missing","R-001|R-002|R-008|R-011|R-014|R-015|DATA-UNAVAILABLE","overnight_driver=none; expected_reaction=通信双龙头与至少两只扩散核心同步修复; actual_reaction=missing_at_0945; surprise=none; confirm_at_1030=验证通信核心回流及亨通相对中天科技的强弱; scheduled_node=09:45; data_quality=D; exclusion_reason=local_intraday_data_unavailable; portfolio_fact_correction=pre_node_sale_200_at_weighted_57.495; actual_position_at_node=0; decision_used_stale_position=200","EVT-20260824-01","THM-新一代通信网","holding","direct_core","retreat","unknown","09:45核心回流与扩散不可验证","unknown","high","missing","分歧后核心回流与政策映射资金","通信双龙头与至少两只扩散核心不能同步修复","hold_no_add_missing"
"2026-08-25","09:51","DailyExecution-v1.5","603179","新泉股份","100","","09:00汽车零部件为冷题材观察且无隔夜增量；09:45板块与个股实时量价在项目内缺失","09:45量价缺失，37.87承接与汽车零部件广度不可验证","观察/等待10:30；不追补","0","","","","已确认持有100股；昨日重新买入与原建议相反，缺少当日反应时不再因价格焦虑追加仓位","","","","excluded_data_missing","R-001|R-004|R-006|R-008|R-011|DATA-UNAVAILABLE","overnight_driver=none; expected_reaction=守住37.87且汽车零部件核心与广度同步改善; actual_reaction=missing_at_0945; surprise=none; confirm_at_1030=验证37.87、37.20与板块广度; scheduled_node=09:45; data_quality=D; exclusion_reason=local_intraday_data_unavailable","","THM-汽车零部件","holding","follower","cold","unknown","09:45回踩承接与题材扩散不可验证","unknown","medium","missing","板块广度确认与回踩承接资金","跌回37.20或继续只有新泉单票强","hold_no_chase_missing"
"2026-08-25","09:51","DailyExecution-v1.5","601899","紫金矿业","0","","09:00资源维持分歧且无隔夜增量；09:45资源板块及个股实时量价在项目内缺失","09:45量价缺失，容量核心再确认不可验证","维持watch；不买入","0","","","","已有洛阳钼业资源敞口，且四道门槛中的资金反应门缺失，组合门不支持重复开仓","","","","excluded_data_missing","R-001|R-008|R-011|R-014|R-015|DATA-UNAVAILABLE","overnight_driver=none; expected_reaction=容量核心与洛阳钼业同步转强; actual_reaction=missing_at_0945; surprise=none; confirm_at_1030=验证34.16及资源容量共振; scheduled_node=09:45; data_quality=D; exclusion_reason=local_intraday_data_unavailable","EVT-20260824-02","THM-贵金属铜钨","nonholding","capacity_core","divergence","unknown","09:45容量承接与扩散不可验证","unknown","medium_high","missing","资源容量重新共振资金","跌破34.16且洛阳钼业同步转弱","watch_missing"
"2026-08-25","09:51","DailyExecution-v1.5","002716","湖南白银","0","","09:00沿用前一日涨停拥挤基线且无隔夜增量；09:45资源板块及个股实时量价在项目内缺失","09:45量价缺失，高弹性分歧与兑现风险不可验证","维持watch；不追高","0","","","","生命周期仍为拥挤，且当日价格反应缺失；新开仓的生命周期门与资金反应门均不通过","","","","excluded_data_missing","R-002|R-008|R-011|R-012|R-015|DATA-UNAVAILABLE","overnight_driver=none; expected_reaction=分歧不失守10.80且容量核心同步修复; actual_reaction=missing_at_0945; surprise=none; confirm_at_1030=验证10.80、高弹性兑现与资源容量共振; scheduled_node=09:45; data_quality=D; exclusion_reason=local_intraday_data_unavailable","EVT-20260824-02","THM-贵金属铜钨","nonholding","theme_leader","crowding","unknown","09:45高弹性承接与容量同步不可验证","unknown","high","missing","分歧后回流核心资金","跌破10.80且容量核心同步走弱","watch_no_chase_missing"
"2026-08-25","09:51","DailyExecution-v1.5","600028","中国石化","0","","09:00油气维持分歧且无隔夜增量；09:45三桶油、油服燃气及个股实时量价在项目内缺失","09:45量价缺失，单票强能否扩散为板块不可验证","维持watch；不买入","0","","","","前一日单一容量核心强不足以替代当日扩散验证；资金反应门缺失，不升级候选","","","","excluded_data_missing","R-001|R-002|R-008|R-011|R-015|DATA-UNAVAILABLE","overnight_driver=none; expected_reaction=守住5.25且三桶油与油服燃气出现扩散; actual_reaction=missing_at_0945; surprise=none; confirm_at_1030=验证5.25、5.10与板块扩散; scheduled_node=09:45; data_quality=D; exclusion_reason=local_intraday_data_unavailable","EVT-20260824-03","THM-油气","nonholding","capacity_core","divergence","unknown","09:45单票承接与板块扩散不可验证","unknown","medium","missing","三桶油与油服燃气扩散资金","跌破5.10或继续只有单票强","watch_missing"
"2026-08-25","09:51","DailyExecution-v1.5","300308","中际旭创","0","","09:00通信维持退潮且无隔夜增量；09:45通信核心、容量及扩散实时量价在项目内缺失","09:45量价缺失，前一日Good News + Weak Response能否反转不可验证","维持rejected；不买入","0","","","","重新入池必须取得核心回流和扩散证据；当日量价缺失时不能用旧利好重启候选","","","","excluded_data_missing","R-001|R-002|R-011|R-012|R-015|DATA-UNAVAILABLE","overnight_driver=none; expected_reaction=收复943且通信容量与扩散同步修复; actual_reaction=missing_at_0945; surprise=none; confirm_at_1030=验证943及通信双核心回流; scheduled_node=09:45; data_quality=D; exclusion_reason=local_intraday_data_unavailable","EVT-20260824-01","THM-新一代通信网","nonholding","theme_leader","retreat","unknown","09:45核心回流与扩散不可验证","unknown","high","missing","分歧后回流核心资金","不能收复943且通信容量与扩散未同步修复","reject_missing"
"2026-08-25","09:51","DailyExecution-v1.5","300502","新易盛","0","","09:00通信维持退潮且无隔夜增量；09:45通信核心、容量及扩散实时量价在项目内缺失","09:45量价缺失，前一日负向Surprise能否反转不可验证","维持rejected；不买入","0","","","","重新入池必须取得双核心回流与扩散证据；当日量价缺失时维持淘汰状态","","","","excluded_data_missing","R-001|R-002|R-011|R-012|R-015|DATA-UNAVAILABLE","overnight_driver=none; expected_reaction=收复442且至少两只扩散核心同步修复; actual_reaction=missing_at_0945; surprise=none; confirm_at_1030=验证442及通信双核心回流; scheduled_node=09:45; data_quality=D; exclusion_reason=local_intraday_data_unavailable","EVT-20260824-01","THM-新一代通信网","nonholding","theme_leader","retreat","unknown","09:45核心回流与扩散不可验证","unknown","high","missing","主线回流资金","不能收复442且扩散核心未同步修复","reject_missing"
"2026-08-25","10:33","DailyExecution-v1.5","603861","白云电器","1000","","09:45基线为D级缺失；10:30指数、电网设备及个股实时量价仍未在本地项目出现","10:30无法复核09:45异常，确认状态missing","持有观察至14:30；暂不操作","0","","","","缺少一小时承接、相对强弱和板块广度，不能把旧失效位机械转成当日操作","","","","excluded_data_missing","R-001|R-008|R-011|DATA-UNAVAILABLE","0945_confirmation=missing; 0945_reference=2026-08-25/603861/09:45; confirmation_evidence=本地项目无10:30实时量价和电网设备广度; lifecycle_transition=cold->cold; scheduled_node=10:30; data_quality=D; exclusion_reason=local_intraday_data_unavailable","","","holding","unclassified","cold","unknown","10:30承接与相对强弱不可验证","unknown","unknown","missing_1030","14:30电网设备轮动资金","跌破11.66且同类设备股不弱","hold_missing_1030"
"2026-08-25","10:33","DailyExecution-v1.5","300421","力星股份","200","","09:45基线为D级缺失；10:30指数、机器人链及个股实时量价仍未在本地项目出现","10:30无法复核09:45异常，确认状态missing","持有观察至14:30；暂不操作","0","","","","200股观察仓缺少相对核心强弱和回流证据，不提高操作强度","","","","excluded_data_missing","R-001|R-005|R-008|R-011|DATA-UNAVAILABLE","0945_confirmation=missing; 0945_reference=2026-08-25/300421/09:45; confirmation_evidence=本地项目无10:30实时量价和机器人链广度; lifecycle_transition=cold->cold; scheduled_node=10:30; data_quality=D; exclusion_reason=local_intraday_data_unavailable","","","holding","follower","cold","unknown","10:30相对地位与资金回流不可验证","unknown","low","missing_1030","14:30机器人链轮动资金","跌破15.92且机器人核心保持强势","hold_missing_1030"
"2026-08-25","10:33","DailyExecution-v1.5","603993","洛阳钼业","200","","09:45基线为D级缺失；10:30资源容量核心、板块及个股实时量价仍未在本地项目出现","10:30无法验证18.62与容量共振，确认状态missing","持有观察至14:30；不加仓","0","","","","旧资源事件不能替代一小时容量承接与板块共振，已有200股敞口不新增风险","","","","excluded_data_missing","R-001|R-002|R-008|R-011|R-014|DATA-UNAVAILABLE","0945_confirmation=missing; 0945_reference=2026-08-25/603993/09:45; confirmation_evidence=本地项目无10:30实时量价和资源容量广度; lifecycle_transition=divergence->divergence; scheduled_node=10:30; data_quality=D; exclusion_reason=local_intraday_data_unavailable","EVT-20260824-02","THM-贵金属铜钨","holding","capacity_core","divergence","unknown","10:30容量承接与板块共振不可验证","unknown","high","missing_1030","14:30资源容量重新共振资金","不能收回18.62且紫金矿业与赤峰黄金更强","hold_no_add_missing_1030"
"2026-08-25","10:33","DailyExecution-v1.5","002150","正泰电源","100","","09:45基线为D级缺失；10:30指数、光储板块及个股实时量价仍未在本地项目出现","10:30无法验证21.95与光储相对表现，确认状态missing","持有观察至14:30；暂不操作","0","","","","100股二元仓位需提高阈值；没有当日量价时既不加仓也不机械清仓","","","","excluded_data_missing","R-001|R-004|R-005|R-008|DATA-UNAVAILABLE","0945_confirmation=missing; 0945_reference=2026-08-25/002150/09:45; confirmation_evidence=本地项目无10:30实时量价和光储广度; lifecycle_transition=divergence->divergence; scheduled_node=10:30; data_quality=D; exclusion_reason=local_intraday_data_unavailable","","THM-光储","holding","follower","divergence","unknown","10:30承接与题材相对强弱不可验证","unknown","medium","missing_1030","14:30光储轮动与修复资金","跌破21.95且光储核心不弱","hold_binary_missing_1030"
"2026-08-25","10:33","DailyExecution-v1.5","600487","亨通光电","200","","09:45基线为D级缺失；10:30通信双龙头、扩散股及持仓实时量价仍未在本地项目出现","10:30无法确认通信回流与持仓地位，确认状态missing","持有观察至14:30；不加仓","0","","","","事实持仓仍为200股；缺少双龙头、容量和至少两只扩散核心同步证据，不新增操作","","","","excluded_data_missing","R-001|R-002|R-008|R-011|R-014|R-015|DATA-UNAVAILABLE","0945_confirmation=missing; 0945_reference=2026-08-25/600487/09:45; confirmation_evidence=本地项目无10:30实时量价和通信扩散数据; lifecycle_transition=retreat->retreat; scheduled_node=10:30; data_quality=D; exclusion_reason=local_intraday_data_unavailable; portfolio_fact_correction=pre_node_sale_200_at_weighted_57.495; actual_position_at_node=0; decision_used_stale_position=200","EVT-20260824-01","THM-新一代通信网","holding","direct_core","retreat","unknown","10:30核心回流、承接与扩散不可验证","unknown","high","missing_1030","14:30分歧后核心回流与政策映射资金","通信双龙头与至少两只扩散核心不能同步修复","hold_no_add_missing_1030"
"2026-08-25","10:33","DailyExecution-v1.5","603179","新泉股份","100","","09:45基线为D级缺失；10:30汽车零部件板块及个股实时量价仍未在本地项目出现","10:30无法验证37.87承接与板块广度，确认状态missing","持有观察至14:30；不追补","0","","","","已确认持有100股；缺少一小时承接和板块共振时不因重新买入后的价格焦虑追加仓位","","","","excluded_data_missing","R-001|R-004|R-006|R-008|R-011|DATA-UNAVAILABLE","0945_confirmation=missing; 0945_reference=2026-08-25/603179/09:45; confirmation_evidence=本地项目无10:30实时量价和汽车零部件广度; lifecycle_transition=cold->cold; scheduled_node=10:30; data_quality=D; exclusion_reason=local_intraday_data_unavailable","","THM-汽车零部件","holding","follower","cold","unknown","10:30回踩承接与题材扩散不可验证","unknown","medium","missing_1030","14:30板块广度确认与回踩承接资金","跌回37.20或继续只有新泉单票强","hold_no_chase_missing_1030"
"2026-08-25","10:33","DailyExecution-v1.5","601899","紫金矿业","0","","09:45基线为D级缺失；10:30资源容量核心、板块及个股实时量价仍未在本地项目出现","10:30无法确认容量核心再转强，确认状态missing","维持watch至14:30；不买入","0","","","","已有洛阳钼业资源敞口，且资金反应门与组合门仍未通过，不重复开仓","","","","excluded_data_missing","R-001|R-008|R-011|R-014|R-015|DATA-UNAVAILABLE","0945_confirmation=missing; 0945_reference=2026-08-25/601899/09:45; confirmation_evidence=本地项目无10:30实时量价和资源容量广度; lifecycle_transition=divergence->divergence; scheduled_node=10:30; data_quality=D; exclusion_reason=local_intraday_data_unavailable","EVT-20260824-02","THM-贵金属铜钨","nonholding","capacity_core","divergence","unknown","10:30容量承接与扩散不可验证","unknown","medium_high","missing_1030","14:30资源容量重新共振资金","跌破34.16且洛阳钼业同步转弱","watch_missing_1030"
"2026-08-25","10:33","DailyExecution-v1.5","002716","湖南白银","0","","09:45基线为D级缺失；10:30资源容量、高弹性分歧及个股实时量价仍未在本地项目出现","10:30无法确认拥挤释放后的回流，确认状态missing","维持watch至14:30；不追高","0","","","","拥挤状态没有当日反应证据，生命周期门和资金反应门均未通过","","","","excluded_data_missing","R-002|R-008|R-011|R-012|R-015|DATA-UNAVAILABLE","0945_confirmation=missing; 0945_reference=2026-08-25/002716/09:45; confirmation_evidence=本地项目无10:30实时量价和资源容量共振数据; lifecycle_transition=crowding->crowding; scheduled_node=10:30; data_quality=D; exclusion_reason=local_intraday_data_unavailable","EVT-20260824-02","THM-贵金属铜钨","nonholding","theme_leader","crowding","unknown","10:30高弹性承接与容量同步不可验证","unknown","high","missing_1030","14:30分歧后回流核心资金","跌破10.80且容量核心同步走弱","watch_no_chase_missing_1030"
"2026-08-25","10:33","DailyExecution-v1.5","600028","中国石化","0","","09:45基线为D级缺失；10:30三桶油、油服燃气及个股实时量价仍未在本地项目出现","10:30无法确认单票强是否形成扩散，确认状态missing","维持watch至14:30；不买入","0","","","","前一日单一容量核心强不能替代当日扩散验证，资金反应门仍未通过","","","","excluded_data_missing","R-001|R-002|R-008|R-011|R-015|DATA-UNAVAILABLE","0945_confirmation=missing; 0945_reference=2026-08-25/600028/09:45; confirmation_evidence=本地项目无10:30实时量价和油气扩散数据; lifecycle_transition=divergence->divergence; scheduled_node=10:30; data_quality=D; exclusion_reason=local_intraday_data_unavailable","EVT-20260824-03","THM-油气","nonholding","capacity_core","divergence","unknown","10:30单票承接与板块扩散不可验证","unknown","medium","missing_1030","14:30三桶油与油服燃气扩散资金","跌破5.10或继续只有单票强","watch_missing_1030"
"2026-08-25","10:33","DailyExecution-v1.5","300308","中际旭创","0","","09:45基线为D级缺失；10:30通信双龙头、容量及扩散实时量价仍未在本地项目出现","10:30无法确认前一日负向反应是否反转，确认状态missing","维持rejected至14:30；不买入","0","","","","重新入池必须取得核心回流和扩散证据；没有当日数据不能用旧利好重启候选","","","","excluded_data_missing","R-001|R-002|R-011|R-012|R-015|DATA-UNAVAILABLE","0945_confirmation=missing; 0945_reference=2026-08-25/300308/09:45; confirmation_evidence=本地项目无10:30实时量价和通信双核心回流数据; lifecycle_transition=retreat->retreat; scheduled_node=10:30; data_quality=D; exclusion_reason=local_intraday_data_unavailable","EVT-20260824-01","THM-新一代通信网","nonholding","theme_leader","retreat","unknown","10:30核心回流、容量与扩散不可验证","unknown","high","missing_1030","14:30分歧后回流核心资金","不能收复943且通信容量与扩散未同步修复","reject_missing_1030"
"2026-08-25","10:33","DailyExecution-v1.5","300502","新易盛","0","","09:45基线为D级缺失；10:30通信双龙头、容量及扩散实时量价仍未在本地项目出现","10:30无法确认前一日负向Surprise是否反转，确认状态missing","维持rejected至14:30；不买入","0","","","","重新入池必须取得双核心回流和扩散证据；没有当日数据维持淘汰状态","","","","excluded_data_missing","R-001|R-002|R-011|R-012|R-015|DATA-UNAVAILABLE","0945_confirmation=missing; 0945_reference=2026-08-25/300502/09:45; confirmation_evidence=本地项目无10:30实时量价和通信双核心回流数据; lifecycle_transition=retreat->retreat; scheduled_node=10:30; data_quality=D; exclusion_reason=local_intraday_data_unavailable","EVT-20260824-01","THM-新一代通信网","nonholding","theme_leader","retreat","unknown","10:30核心回流、容量与扩散不可验证","unknown","high","missing_1030","14:30主线回流资金","不能收复442且扩散核心未同步修复","reject_missing_1030"
"2026-08-25","14:34","DailyExecution-v1.5","603861","白云电器","1000","","09:45与10:30均为D级缺失；14:30指数、电网设备及个股全天量价仍未在本地项目出现","全天主线、相对地位与收盘方向不可验证","暂持至收盘；今日不操作","0","","","","缺少同一时点指数、板块和个股证据，不能用旧收盘价触发减仓或加仓","","","","excluded_data_missing","R-001|R-004|R-008|R-011|DATA-UNAVAILABLE","scheduled_node=14:30; data_quality=D; exclusion_reason=local_intraday_data_unavailable; intraday_reference=2026-08-25/603861/09:45+10:30_missing; target_position=4.5%-5.5%_old_valuation_freeze_band; counterfactual=持有承担未观测下跌风险_卖出承担次日高开反包风险; next_day_plan=取得A/B级量价后验证11.66与电网设备相对强弱","","","holding","unclassified","cold","unknown","14:30全天承接与相对强弱不可验证","unknown","unknown","missing_1430","次日电网设备轮动资金","A/B级数据确认跌破11.66且同类设备股不弱","hold_missing_1430"
"2026-08-25","14:34","DailyExecution-v1.5","300421","力星股份","200","","09:45与10:30均为D级缺失；14:30指数、机器人链及个股全天量价仍未在本地项目出现","全天机器人链相对地位与收盘方向不可验证","暂持至收盘；今日不操作","0","13:33买入200股@16.775（决策前）","200","400","200股观察仓缺少核心比较与承接证据，不因亏损或旧价机械处理","","","","excluded_data_missing","R-001|R-004|R-005|R-008|R-011|DATA-UNAVAILABLE","scheduled_node=14:30; data_quality=D; exclusion_reason=local_intraday_data_unavailable; intraday_reference=2026-08-25/300421/09:45+10:30_missing; target_position=1.0%-1.8%_old_valuation_freeze_band; counterfactual=持有承担未观测补跌风险_卖出承担机器人回流反包风险; next_day_plan=取得A/B级量价后验证15.92与机器人核心相对强弱; user_confirmed_trade=13:33_buy_200_weighted_16.775; gross_amount=3355; timing=before_1430_decision; actual_position_at_node=400","","","holding","follower","cold","unknown","14:30相对地位与资金回流不可验证","unknown","low","missing_1430","次日机器人链轮动资金","A/B级数据确认跌破15.92且机器人核心保持强势","hold_missing_1430"
"2026-08-25","14:34","DailyExecution-v1.5","603993","洛阳钼业","200","","09:45与10:30均为D级缺失；14:30资源容量核心、板块及个股全天量价仍未在本地项目出现","全天容量承接、资源共振与收盘方向不可验证","暂持至收盘；不加仓不减仓","0","","","","已有200股资源敞口；旧事件与旧价格不能替代当日容量核心和广度证据","","","","excluded_data_missing","R-001|R-002|R-004|R-008|R-011|R-014|DATA-UNAVAILABLE","scheduled_node=14:30; data_quality=D; exclusion_reason=local_intraday_data_unavailable; intraday_reference=2026-08-25/603993/09:45+10:30_missing; target_position=1.2%-2.0%_old_valuation_freeze_band; counterfactual=持有承担资源补跌风险_卖出承担商品共振高开风险; next_day_plan=取得A/B级量价后验证18.62及洛钼紫金赤峰容量共振","EVT-20260824-02","THM-贵金属铜钨","holding","capacity_core","divergence","unknown","14:30容量承接与板块共振不可验证","unknown","high","missing_1430","次日资源容量重新共振资金","A/B级数据确认不能收回18.62且紫金矿业与赤峰黄金更强","hold_no_change_missing_1430"
"2026-08-25","14:34","DailyExecution-v1.5","002150","正泰电源","100","","09:45与10:30均为D级缺失；14:30指数、光储板块及个股全天量价仍未在本地项目出现","全天光储相对表现与收盘方向不可验证","暂持至收盘；今日不操作","0","","","","100股为二元仓位，缺少两层失效证据时不得把普通减仓条件直接变成清仓","","","","excluded_data_missing","R-001|R-004|R-005|R-008|R-011|DATA-UNAVAILABLE","scheduled_node=14:30; data_quality=D; exclusion_reason=local_intraday_data_unavailable; intraday_reference=2026-08-25/002150/09:45+10:30_missing; target_position=0.7%-1.3%_old_valuation_freeze_band; counterfactual=持有承担光储补跌风险_清仓承担二元仓位反包机会成本; next_day_plan=取得A/B级量价后验证21.95与光储核心相对强弱","","THM-光储","holding","follower","divergence","unknown","14:30承接与题材相对强弱不可验证","unknown","medium","missing_1430","次日光储轮动与修复资金","A/B级数据确认跌破21.95且光储核心不弱","hold_binary_missing_1430"
"2026-08-25","14:34","DailyExecution-v1.5","600487","亨通光电","200","","09:45与10:30均为D级缺失；14:30通信双龙头、扩散股及持仓全天量价仍未在本地项目出现","全天通信回流、扩散与持仓地位不可验证","暂持至收盘；今日不加不减","0","","","","事实持仓仍为200股；没有双龙头、容量和扩散证据，不能执行基于旧门槛的减仓","","","","excluded_data_missing","R-001|R-002|R-004|R-008|R-011|R-014|R-015|DATA-UNAVAILABLE","scheduled_node=14:30; data_quality=D; exclusion_reason=local_intraday_data_unavailable; intraday_reference=2026-08-25/600487/09:45+10:30_missing; target_position=4.5%-5.8%_old_valuation_freeze_band; counterfactual=持有承担通信退潮补跌风险_卖出承担政策映射回流高开风险; next_day_plan=取得A/B级量价后验证通信双龙头至少两只扩散核心及亨通相对中天强弱; portfolio_fact_correction=pre_node_sale_200_at_weighted_57.495; actual_position_at_node=0; decision_used_stale_position=200","EVT-20260824-01","THM-新一代通信网","holding","direct_core","retreat","unknown","14:30核心回流、承接与扩散不可验证","unknown","high","missing_1430","次日分歧后核心回流与政策映射资金","A/B级数据确认通信双龙头与至少两只扩散核心不能同步修复","hold_no_change_missing_1430"
"2026-08-25","14:34","DailyExecution-v1.5","603179","新泉股份","100","","09:45与10:30均为D级缺失；14:30汽车零部件板块及个股全天量价仍未在本地项目出现","全天37.87承接、板块广度与收盘方向不可验证","暂持至收盘；不追补不清仓","0","14:50卖出100股@37.490并清仓","100","0","已确认持有100股且为二元仓位；没有板块共振和两层失效证据，不因重新买入后的盈亏焦虑操作","","","","excluded_data_missing","R-001|R-004|R-005|R-006|R-008|R-011|DATA-UNAVAILABLE","scheduled_node=14:30; data_quality=D; exclusion_reason=local_intraday_data_unavailable; intraday_reference=2026-08-25/603179/09:45+10:30_missing; target_position=1.2%-2.0%_old_valuation_freeze_band; counterfactual=持有承担重新定价失败风险_清仓承担次日高开与再次买回成本; next_day_plan=取得A/B级量价后验证37.87_37.20及汽车零部件广度; user_confirmed_trade=14:50_sell_100_at_37.490; gross_amount=3749; timing=after_1430_decision; actual_position_after=0","","THM-汽车零部件","holding","follower","cold","unknown","14:30回踩承接与题材扩散不可验证","unknown","medium","missing_1430","次日板块广度确认与回踩承接资金","A/B级数据确认跌回37.20或继续只有新泉单票强","hold_binary_missing_1430"
"2026-08-25","14:34","DailyExecution-v1.5","601899","紫金矿业","0","","09:45与10:30均为D级缺失；14:30资源容量核心、板块及个股全天量价仍未在本地项目出现","全天容量核心地位与资源共振不可验证","维持watch；不买入","0","","","","已有洛阳钼业资源敞口，四门中的资金反应与组合门仍不通过","","","","excluded_data_missing","R-001|R-008|R-009|R-011|R-014|R-015|DATA-UNAVAILABLE","scheduled_node=14:30; data_quality=D; exclusion_reason=local_intraday_data_unavailable; intraday_reference=2026-08-25/601899/09:45+10:30_missing; target_position=0%; counterfactual=持有现金承担踏空风险_买入承担重复资源敞口与未知价格风险; next_day_plan=取得A/B级量价后验证34.16及资源容量共振","EVT-20260824-02","THM-贵金属铜钨","nonholding","capacity_core","divergence","unknown","14:30容量承接与扩散不可验证","unknown","medium_high","missing_1430","次日资源容量重新共振资金","A/B级数据确认跌破34.16且洛阳钼业同步转弱","watch_missing_1430"
"2026-08-25","14:34","DailyExecution-v1.5","002716","湖南白银","0","","09:45与10:30均为D级缺失；14:30资源容量、高弹性分歧及个股全天量价仍未在本地项目出现","全天拥挤释放、核心回流与收盘方向不可验证","维持watch；不追高","0","","","","拥挤生命周期没有当日响应证据，事件、资金反应与组合门不足以支持隔夜新仓","","","","excluded_data_missing","R-002|R-008|R-009|R-011|R-012|R-015|DATA-UNAVAILABLE","scheduled_node=14:30; data_quality=D; exclusion_reason=local_intraday_data_unavailable; intraday_reference=2026-08-25/002716/09:45+10:30_missing; target_position=0%; counterfactual=持有现金承担高弹性延续踏空风险_追高承担拥挤兑现与未知价格风险; next_day_plan=取得A/B级量价后验证10.80与资源容量同步","EVT-20260824-02","THM-贵金属铜钨","nonholding","theme_leader","crowding","unknown","14:30高弹性承接与容量同步不可验证","unknown","high","missing_1430","次日分歧后回流核心资金","A/B级数据确认跌破10.80且容量核心同步走弱","watch_no_chase_missing_1430"
"2026-08-25","14:34","DailyExecution-v1.5","600028","中国石化","0","","09:45与10:30均为D级缺失；14:30三桶油、油服燃气及个股全天量价仍未在本地项目出现","全天单票承接、板块扩散与收盘方向不可验证","维持watch；不买入","0","","","","前一日单一容量核心强不能替代今日扩散验证，现金优于勉强补仓位","","","","excluded_data_missing","R-001|R-002|R-008|R-009|R-011|R-015|DATA-UNAVAILABLE","scheduled_node=14:30; data_quality=D; exclusion_reason=local_intraday_data_unavailable; intraday_reference=2026-08-25/600028/09:45+10:30_missing; target_position=0%; counterfactual=持有现金承担油气扩散踏空风险_买入承担单票兑现与未知价格风险; next_day_plan=取得A/B级量价后验证5.25_5.10与三桶油油服燃气扩散","EVT-20260824-03","THM-油气","nonholding","capacity_core","divergence","unknown","14:30单票承接与板块扩散不可验证","unknown","medium","missing_1430","次日三桶油与油服燃气扩散资金","A/B级数据确认跌破5.10或继续只有单票强","watch_missing_1430"
"2026-08-25","14:34","DailyExecution-v1.5","300308","中际旭创","0","","09:45与10:30均为D级缺失；14:30通信双龙头、容量及扩散全天量价仍未在本地项目出现","全天负向Price Reaction Surprise是否反转不可验证","维持rejected；不买入","0","","","","通信仍为退潮旧状态且没有核心回流、容量和扩散证据，不能用旧利好重启候选","","","","excluded_data_missing","R-001|R-002|R-008|R-009|R-011|R-012|R-015|DATA-UNAVAILABLE","scheduled_node=14:30; data_quality=D; exclusion_reason=local_intraday_data_unavailable; intraday_reference=2026-08-25/300308/09:45+10:30_missing; target_position=0%; counterfactual=持有现金承担通信反包踏空风险_买入承担退潮延续与未知价格风险; next_day_plan=取得A/B级量价后验证943及通信双核心回流","EVT-20260824-01","THM-新一代通信网","nonholding","theme_leader","retreat","unknown","14:30核心回流、容量与扩散不可验证","unknown","high","missing_1430","次日分歧后回流核心资金","A/B级数据确认不能收复943且通信容量与扩散未同步修复","reject_missing_1430"
"2026-08-25","14:34","DailyExecution-v1.5","300502","新易盛","0","","09:45与10:30均为D级缺失；14:30通信双龙头、容量及扩散全天量价仍未在本地项目出现","全天负向Price Reaction Surprise是否反转不可验证","维持rejected；不买入","0","","","","通信仍为退潮旧状态且没有双核心回流和扩散证据，维持淘汰状态","","","","excluded_data_missing","R-001|R-002|R-008|R-009|R-011|R-012|R-015|DATA-UNAVAILABLE","scheduled_node=14:30; data_quality=D; exclusion_reason=local_intraday_data_unavailable; intraday_reference=2026-08-25/300502/09:45+10:30_missing; target_position=0%; counterfactual=持有现金承担通信反包踏空风险_买入承担退潮延续与未知价格风险; next_day_plan=取得A/B级量价后验证442及通信双核心回流","EVT-20260824-01","THM-新一代通信网","nonholding","theme_leader","retreat","unknown","14:30核心回流、容量与扩散不可验证","unknown","high","missing_1430","次日主线回流资金","A/B级数据确认不能收复442且扩散核心未同步修复","reject_missing_1430"
